condition,training_seed,global_step,checkpoint_sha256,ppo_updates,ppo_updates_kind,training_feature_refreshes,active_seconds,evaluation_seconds,sampled_episodes,sampled_flags,sampled_flag_rate,sampled_mean_return,sampled_std_return,sampled_mean_length,sampled_mean_progress,greedy_episodes,greedy_flags,greedy_flag_rate,greedy_mean_return,greedy_std_return,greedy_mean_length,greedy_mean_progress
baseline,0,100000,4303e5bf77b66d98fdab329771cc60db8802ed484bf090d7ea29daff72fab565,97,estimated,0,66.65151388699996,4.6349593909999385,20,0,0.0,40.10828124999993,28.798539983659353,132.35,0.30157264529058114,1,0,0.0,-1.4424999999999955,0.0,28.0,0.07394789579158317
baseline,0,200000,f5234e6ef0107e25ddd80aa125aa6a452bf74da8482dfd2160d70ca6556ead66,195,estimated,0,132.77912295200008,10.499413529999856,20,1,0.05,49.934687499999974,52.39100346437267,154.0,0.3378411823647295,1,0,0.0,-1.572499999999998,0.0,29.0,0.07330661322645289
baseline,0,300000,2b77f31cb45122cf177b58741433fb11af069ab31286d0f8521fac56fb189fb8,292,estimated,0,200.61597809800014,14.218894770999896,20,0,0.0,31.16362499999994,30.792300464792422,103.65,0.2522384769539078,1,0,0.0,-1.4337499999999963,0.0,27.0,0.07394121576486305
baseline,0,400000,d75a614ac9d62dee3db670c0c3567c20b400a15f7971f00ce7175db31073fd04,390,estimated,0,269.85712700199997,21.672008232999815,20,4,0.2,87.48928125000009,79.26766336583621,198.3,0.4887586840347362,1,0,0.0,29.68312499999999,0.0,88.0,0.2434903139612558
baseline,0,500000,230b546eb4afa5ba395b8d767633f1593c78cd53c7c7b3b14cf36853cac89c3e,488,estimated,0,343.0898098260002,31.812613949999786,20,9,0.45,131.9976875000002,95.80452389197512,255.65,0.6427735470941884,1,0,0.0,129.11500000000083,0.0,401.0,0.7114228456913828
baseline,0,600000,f4596d14638bbe4b176602e4158451dd109f6d40ef0a825d5397849bca024250,585,estimated,0,426.9503520080002,44.612931840999636,20,14,0.7,182.1189375000004,83.43039175646226,304.15,0.8261977287909152,1,1,1.0,233.4375000000007,0.0,374.0,1.0
baseline,0,700000,f23a7802fdb7132ca4215fa1758fbcf931bb691add0c0c320d86b5d4d508fabf,683,estimated,0,500.3201729360003,54.797041312999454,20,8,0.4,143.7164375000002,83.55323082100986,264.45,0.7232336339345358,1,1,1.0,233.63500000000056,0.0,357.0,1.0
baseline,0,800000,f9d247503a951a5fd2c00bb8730eab712b84950b3aed166e6ec8a7b35ac5e7ab,781,estimated,0,573.7819174570004,64.68724704199917,20,11,0.55,151.24431250000023,93.4365258266318,261.7,0.7111519706078824,1,0,0.0,51.68500000000033,0.0,244.0,0.2892451569806279
baseline,0,900000,ddac413fada8d0f39ce4bcd377668ab3f64e2f47426e5f4f1e2394595a736c31,878,estimated,0,651.0598954740003,74.26370879599904,20,10,0.5,151.0140937500002,84.97603443477924,248.1,0.7265616232464931,1,1,1.0,233.7787500000004,0.0,340.0,1.0
baseline,0,1000000,18d80d8ff50a84b1ecf9e55e3196cb67be40e09a85f6b4308e303a774a44e259,976,estimated,0,725.1248139000004,83.99140753299912,20,15,0.75,187.70350000000028,80.47687045492499,272.75,0.8370985303941216,1,1,1.0,234.02875000000034,0.0,315.0,1.0
baseline,0,1100000,9c45748cb2057af22a77acb68820c9bc37e0b392268923f03e2320b6528d3342,1073,recorded,0,800.5650316950007,94.20643971899915,20,16,0.8,197.92300000000031,73.0550758261791,284.55,0.874753507014028,1,1,1.0,234.1350000000004,0.0,314.0,1.0
baseline,0,1200000,dcfd6fda8c9f280b73913b00386eb3640332d1c6244dfe5a052bc2bd61a0754b,1171,recorded,0,878.9753873920006,105.86599882899918,20,17,0.85,217.56768750000032,39.39923079490877,305.55,0.9636606546426186,1,1,1.0,234.08000000000038,0.0,314.0,1.0
baseline,0,1300000,97b86142aa319254f304f3d84c7986e99a2d2c783a2c5775a92c86c665ba349f,1268,recorded,0,954.9304666570007,117.6077587309992,20,19,0.95,229.55218750000034,19.44269397998171,317.4,0.9935921843687374,1,1,1.0,234.04000000000036,0.0,314.0,1.0
baseline,0,1400000,c05dfc42f22b87ab65575cb87bdc4f19e947d3dba679795926bffa3e84e3b414,1366,recorded,0,1031.7572579860005,128.84375803799935,20,19,0.95,225.64562500000034,36.5650124510697,306.25,0.9720768203072812,1,1,1.0,234.03875000000036,0.0,314.0,1.0
baseline,0,1500000,4a93f2fa223fc81ebf38df5dee40caa7dd90f4138a004e97a1d9e3150f2f4a33,1464,recorded,0,1107.6454541540006,140.00123882899925,20,18,0.9,224.44331250000033,28.817378126301257,308.45,0.9831376085504342,1,1,1.0,234.03875000000036,0.0,314.0,1.0
baseline,0,1600000,acaf4a99815c7cc185a5fe91f7b65cd363f0ea14b86ed02601e546dce966b63c,1561,recorded,0,1183.8800266350006,152.81070234899926,20,20,1.0,234.03781250000037,0.01625420618640796,314.2,1.0,1,1,1.0,234.03875000000036,0.0,314.0,1.0
baseline,0,1700000,17f8e70e54a07fd5d2763b92e4a7791e560e2acdfbd8713b2917b6da0c71e7fe,1659,recorded,0,1259.9304156170006,164.29117958199936,20,20,1.0,234.03575000000038,0.013076696830622516,314.3,1.0,1,1,1.0,234.03875000000036,0.0,314.0,1.0
baseline,0,1800000,5e6309862a5c2f9a9cf83a77316a8d1d763727024127f933bf97b6806bd0b79c,1757,recorded,0,1335.828891881001,176.61476446099937,20,16,0.8,214.5639375000003,38.969042172671934,302.7,0.9648410153640615,1,1,1.0,234.03875000000036,0.0,314.0,1.0
baseline,0,1900000,0d749d13ef0cffe113843b08d83d28538f659ce611dc3a61e5202130b7c382e2,1854,recorded,0,1412.2431750380008,189.3521319909994,20,20,1.0,234.09468750000033,0.056308129686107704,314.75,1.0,1,1,1.0,234.08000000000038,0.0,314.0,1.0
baseline,0,2000000,2017c7db9abcb3649746bb01e82f5b5019d06065c2ddf8e1e24feb17ede0f7ba,1952,recorded,0,1490.1497916990008,201.4219567119992,20,20,1.0,234.10931250000039,0.04036450134400384,314.55,1.0,1,1,1.0,234.1350000000004,0.0,314.0,1.0
jev_interval16,0,100000,05aa3b6693ccab111fa05076248f30373d449c7ffe741960cd50de258bf38fd3,97,estimated,6775,68.701803025,6.163150928999926,20,1,0.05,55.65824999999999,56.85618837030855,150.65,0.3682458249832999,1,0,0.0,-1.323749999999995,0.0,28.0,0.07458249832999332
jev_interval16,0,200000,1d7622710db8ec2cfee8a4c133f741624d255e75a402d18cac0cd0a19457034e,195,estimated,13473,135.0502626409999,10.007773387999919,20,0,0.0,34.360156249999946,36.841228499316664,109.5,0.2696334335337341,1,0,0.0,14.234999999999916,0.0,89.0,0.16098864395457582
jev_interval16,0,300000,ee9bcc6ef13748830ec3fadbad7265f776b1b377bf423748645422664b22bf56,292,estimated,20121,203.07441282099978,14.71265855299987,20,0,0.0,42.364937499999904,39.942506777270964,134.2,0.3137311289245159,1,0,0.0,14.214999999999934,0.0,91.0,0.16098864395457582
jev_interval16,0,400000,6974c494624e6063d518b0a389ec3a09557d90f4462e0937b4045912aaf0c3c7,390,estimated,26719,273.51773223099997,22.146012157999735,20,4,0.2,87.47825000000019,75.94592633125596,209.35,0.489302939211757,1,0,0.0,19.19499999999976,0.0,193.0,0.11289245156980628
jev_interval16,0,500000,a43f231d28f2cbe7d2cbbd4009c66c53b9915ef6eb85b83ad5dec98cd54e7e92,488,estimated,33285,345.3190483989998,30.13739946999965,20,3,0.15,93.09815625000002,68.91847748072185,209.65,0.536810120240481,1,0,0.0,139.50749999999988,0.0,304.0,0.8419372077488312
jev_interval16,0,600000,043accd7a03ceef8b10ec57c2f51887feb80100b06f24bd655b8f89d2cb68b71,585,estimated,39829,418.75740404099986,38.73539762699954,20,4,0.2,94.90140625000001,72.98269242143026,220.9,0.5295432531730125,1,0,0.0,59.38124999999976,0.0,193.0,0.40780895123580485
jev_interval16,0,700000,4485a8420c6acbdb25663e2d42a0cb790fa8ae6ba363d5d5a4bc968b9f4f22bb,683,estimated,46324,494.1380813979998,49.4424714659998,20,10,0.5,141.8573437500003,92.54343834913173,273.35,0.6789742818971276,1,0,0.0,141.46500000000097,0.0,466.0,0.7808951235804943
jev_interval16,0,800000,8211cf727fff29966b7380e1327248fdc28f42a48930abcdfe64e0b043e34115,781,estimated,52813,566.526282527,57.58782081299967,20,6,0.3,112.15131250000013,79.76296662536414,220.35,0.5869519038076153,1,0,0.0,62.24312499999973,0.0,151.0,0.4208583834335331
jev_interval16,0,900000,51bbc058339fa41b80aee2aa8fce1483566f4ceee21403cd358b74354657504d,878,estimated,59288,640.679946224,67.42976005799972,20,9,0.45,138.11712500000016,87.31228342054419,251.2,0.675188376753507,1,1,1.0,233.40000000000032,0.0,382.0,1.0
jev_interval16,0,1000000,df5f56719e09d10913de1ef6ade1cddc63e100ff25d7c4efb932daa51d5feb63,976,estimated,65738,715.0154280049995,76.72213270500004,20,9,0.45,142.17290625000027,87.6680557990704,256.4,0.6931409485637942,1,1,1.0,233.66000000000062,0.0,356.0,1.0
jev_interval16,0,1100000,daff8ec62e82289f68f628c1ee10facf7f3d1bfc485cdb927fbea8690710999c,1073,recorded,72190,789.6102502349997,87.31120678400009,20,14,0.7,185.14662500000034,75.04115786166145,296.75,0.8420120240480962,1,1,1.0,233.83500000000043,0.0,334.0,1.0
jev_interval16,0,1200000,eb47fae80e088f63389b56ed1ee950e93fd436ee50949a620d965358f49b5492,1171,recorded,78614,865.1413740189997,99.151402857,20,18,0.9,216.29978125000042,55.83752993943522,322.8,0.9403178022712091,1,1,1.0,233.82000000000053,0.0,340.0,1.0
jev_interval16,0,1300000,abf506716c8186f659e5f1e15cbe654162f2780980172788d2c305e5668dbccf,1268,recorded,85029,938.5921515679997,110.73739277800018,20,18,0.9,224.32018750000034,28.787192476307563,320.15,0.9831442885771544,1,1,1.0,233.94000000000037,0.0,319.0,1.0
jev_interval16,0,1400000,fb588cfca98f15fb58ef1862e150fc004ee4ec979b3ac2f5e1a6f5b0b378bb0b,1366,recorded,91423,1011.7059701169997,121.48896239800024,20,17,0.85,214.15831250000028,51.274141689359205,302.1,0.9451496325985304,1,1,1.0,234.0537500000003,0.0,312.0,1.0
jev_interval16,0,1500000,bff39521dc6300b50c7295924a73683c293559d81a6aa0f333226dcf64bedc0e,1464,recorded,97827,1086.4316175959998,132.69207184600032,20,18,0.9,217.1262500000004,54.89940788899744,304.15,0.943687040748163,1,1,1.0,233.98000000000042,0.0,324.0,1.0
jev_interval16,0,1600000,e8f18d0196f395ca1df3625d12b58c3ed2ee155a8e3c7e2a487e4f9389360d09,1561,recorded,104232,1162.001254388,144.0730019710004,20,20,1.0,234.0465625000003,0.04706357900488751,314.2,1.0,1,1,1.0,234.0537500000003,0.0,312.0,1.0
jev_interval16,0,1700000,33393da283557e6086d0e3566b2816497410e19e2dae3c3717430ed0ab0e0cf2,1659,recorded,110640,1235.9481121079998,154.06047853500058,20,14,0.7,185.60621875000018,77.4622821877676,267.3,0.8429148296593187,1,1,1.0,234.0237500000003,0.0,313.0,1.0
jev_interval16,0,1800000,d12861a1c6790dcb56f6a02af44542050a889bbde9ddb1e2d5ebc8f97383398d,1757,recorded,117048,1309.5786291909994,165.19579459700026,20,20,1.0,234.1122500000003,0.052610894784240046,312.3,1.0,1,1,1.0,234.1550000000003,0.0,312.0,1.0
jev_interval16,0,1900000,bb62e49a28a03e298792e66765ff45d03a582e3708665b31859d4ad7179e2800,1854,recorded,123454,1383.4138089999992,176.6291968100004,20,20,1.0,234.05343750000043,0.057392392516339694,315.3,1.0,1,1,1.0,234.14625000000046,0.0,312.0,1.0
jev_interval16,0,2000000,5d8cf8ab6f41a32e1834c0df83a4315294a90852f666d7b9b812e59c27575edb,1952,recorded,129863,1460.3804304789996,188.59975558700035,20,20,1.0,234.06506250000035,0.06585314509383854,312.7,1.0,1,1,1.0,234.0175000000003,0.0,312.0,1.0
jev_interval1,0,100000,ecdfa8ff5cd02e32249e0b2e7c047641ebb9a7c4fbd78e2664adbe5ac8963aab,97,estimated,100978,96.08812788399996,4.8777603290000116,20,1,0.05,41.00634375000002,53.60774212183699,120.0,0.28832314629258515,1,0,0.0,-1.323749999999995,0.0,28.0,0.07458249832999332
jev_interval1,0,200000,9ccec7a008ee6b0a8bf7d6b746a4acd4d8bf7e3eced17d17d2f4c18519038b1f,195,estimated,201680,192.5142340609998,11.374330776000079,20,2,0.1,59.16253124999997,66.84053450905427,148.4,0.36945975283901117,1,0,0.0,-1.3587500000000112,0.0,27.0,0.07434201736806939
jev_interval1,0,300000,37da4b77dbe448133a6bc1a3a445bb1b4101f013864bb7530b59c328998744d8,292,estimated,302354,291.0357101909997,19.38800991700009,20,1,0.05,67.83434374999999,50.661075462051585,173.6,0.43453924515698084,1,0,0.0,95.60499999999895,0.0,352.0,0.5297261189044756
jev_interval1,0,400000,a8852ea37b3e22d49513c06a0dab519eba7ff85b01e228e3e3e57b31bd4c0bd6,390,estimated,402947,388.82718413899966,26.19972938900014,20,2,0.1,57.86540625000005,66.2185801724095,157.15,0.3640850033400134,1,0,0.0,-1.9749999999999908,0.0,32.0,0.07131596526386108
jev_interval1,0,500000,e70adf0bde70aad8e1da28458a780467cfe3698fa1ddf9eac7f7edce9b506bb5,488,estimated,503465,492.0778203929997,37.238965904000224,20,7,0.35,120.96290625000013,91.6681705780156,251.8,0.6189149966599865,1,1,1.0,233.2487500000007,0.0,397.0,1.0
jev_interval1,0,600000,14bb31b76bcf52497bcaba2f260165a9161619d4de744752b3eb9ebfb23426fd,585,estimated,603931,593.6999849879994,46.96109629899979,20,6,0.3,103.32553125000018,92.29952844951582,216.05,0.5394848029392117,1,0,0.0,129.19500000000087,0.0,393.0,0.7114228456913828
jev_interval1,0,700000,360256427ba2fe2723f373ed407c75fccfec2cd245074c03dc03266601ebdbde,683,estimated,704357,696.6365844799993,57.45760140900006,20,8,0.4,129.25100000000018,89.56207418544132,242.4,0.6447209418837675,1,0,0.0,29.675000000000033,0.0,77.0,0.2428590514362059
jev_interval1,0,800000,a29880c5bf83e06291d5c969727806e9c1c757e20bbc6c1cb9dc45770c9ded64,781,estimated,804753,802.5006397309994,70.09874230100036,20,10,0.5,162.47046875000018,78.05803823089647,285.8,0.7897653640614563,1,1,1.0,233.85875000000024,0.0,332.0,1.0
jev_interval1,0,900000,aefac6588905357dccce2edc880a2c4837f17b528d68bdc4cb9cf8b5652e30fa,878,estimated,905131,909.0610638969997,83.2360871060007,20,16,0.8,188.11525000000037,91.36430319707766,287.85,0.822679692718771,1,1,1.0,232.76625000000135,0.0,442.0,1.0
jev_interval1,0,1000000,7b1df70bc60d3421695da592564e0a7366af6f099c62174bea1e51ca67c1c0d7,976,estimated,1005497,1011.2546761239996,91.33379101600099,20,11,0.55,134.8817500000002,111.15592538707192,198.95,0.6204084836339345,1,0,0.0,-1.2887499999999985,0.0,26.0,0.0746626586506346
jev_interval1,0,1100000,28329fd13f58799e978144c964358babb5caac84ccfcf2227867df0b7258a20c,1073,recorded,1105864,1114.6319370839997,102.857303540001,20,15,0.75,193.03281250000035,74.23650715984017,274.0,0.8656703406813628,1,1,1.0,234.0975000000004,0.0,308.0,1.0
jev_interval1,0,1200000,0ec020c41068377389b265aff860957bdcf0c65fbfeb55eef905303ff52d0b3d,1171,recorded,1206206,1216.7132362559996,115.49119799300104,20,18,0.9,224.50212500000038,28.724608624672893,305.65,0.983320975283901,1,1,1.0,234.14625000000038,0.0,303.0,1.0
jev_interval1,0,1300000,b7c51a2522e3c1d1797526d092c6338be616c5b82d254897c93728be742f3fdf,1268,recorded,1306546,1319.1627938199995,128.61951091500111,20,20,1.0,234.1318750000004,0.038378257190733275,304.7,1.0,1,1,1.0,234.15750000000037,0.0,303.0,1.0
jev_interval1,0,1400000,afc8451bc79eb0b82ba3221903d5d54d25e12980622aec5db8d0e384748e188b,1366,recorded,1406881,1421.7938087479995,142.16182098800107,20,15,0.75,209.1812500000007,51.029644391458845,324.45,0.9464195056780227,1,1,1.0,234.15750000000037,0.0,303.0,1.0
jev_interval1,0,1500000,2be06f155b99340321e6471d10c37caf39db047311d64b4d55c55700beebe9b4,1464,recorded,1507219,1525.5245488929995,155.1559726290012,20,20,1.0,234.12362500000035,0.07220835737637858,306.2,1.0,1,1,1.0,234.15750000000037,0.0,303.0,1.0
jev_interval1,0,1600000,5f6db24174756dd2367c5f05f3c495705a8f32a027ef7c17e8ff1b956a9fd58b,1561,recorded,1607548,1629.8775761619997,168.16082988900132,20,20,1.0,234.15750000000034,2.842170943040401e-14,303.0,1.0,1,1,1.0,234.15750000000037,0.0,303.0,1.0
jev_interval1,0,1700000,dfccd4f2975b0f2e600f7f08c41c9b8258444720637977e1efb7cbde45564a61,1659,recorded,1707881,1732.5344453649996,180.7622876520012,20,20,1.0,234.12431250000037,0.06460030354997669,306.2,1.0,1,1,1.0,234.15750000000037,0.0,303.0,1.0
jev_interval1,0,1800000,c42b22335ef64b9ec3ac602b514f21a482288d55b3a4999fd53a0b2a31fe345a,1757,recorded,1808212,1832.534920953,193.38665459300125,20,20,1.0,234.15750000000034,2.842170943040401e-14,303.0,1.0,1,1,1.0,234.15750000000037,0.0,303.0,1.0
jev_interval1,0,1900000,e2d9ad580a630a1e15c3b65190badaacea4f31b6721e836f1ca2a8b51d58352a,1854,recorded,1908546,1933.6333209639997,205.69817258500132,20,19,0.95,225.66325000000035,37.03475606482722,295.05,0.9715237140948563,1,1,1.0,234.15750000000037,0.0,303.0,1.0
jev_interval1,0,2000000,f133060dc52ad67a9e32babb2e9fa761d26d84eed149dae037394206749bc7ee,1952,recorded,2008873,2044.401942609,219.26327557000138,20,20,1.0,234.09437500000044,0.13582013611745214,309.05,1.0,1,1,1.0,234.15750000000037,0.0,303.0,1.0
